,mag,longitude,latitude,time
0,6,141,-4,1971-01-01
1,2,-119,33,1971-01-01
2,2,-117,35,1971-01-02
3,2,-117,35,1971-01-02
4,3,-120,35,1971-01-02
5,2,-117,35,1971-01-02
6,3,-117,35,1971-01-02
7,7,-2,-55,1971-01-03
8,5,-111,-29,1971-01-04
9,3,-119,46,1971-01-04
10,5,137,34,1971-01-04
11,3,-117,34,1971-01-05
12,5,141,36,1971-01-06
13,5,-173,52,1971-01-07
14,6,154,47,1971-01-08
15,3,-116,34,1971-01-08
16,3,-117,35,1971-01-09
17,7,139,-3,1971-01-10
18,6,139,-3,1971-01-10
19,6,139,-3,1971-01-10
20,6,139,-3,1971-01-10
21,6,140,-3,1971-01-10
22,5,139,-3,1971-01-10
23,5,139,-3,1971-01-10
24,6,139,-3,1971-01-10
25,5,139,-3,1971-01-10
26,2,-116,34,1971-01-11
27,3,-121,34,1971-01-11
28,2,-115,32,1971-01-12
29,5,138,9,1971-01-12
30,5,139,-3,1971-01-12
31,3,-115,31,1971-01-13
32,5,139,-3,1971-01-13
33,3,-116,33,1971-01-14
34,2,-122,47,1971-01-14
35,3,-123,47,1971-01-14
36,5,139,-3,1971-01-14
37,2,-115,32,1971-01-15
38,2,-117,35,1971-01-15
39,3,-118,35,1971-01-16
40,3,-116,33,1971-01-16
41,2,-118,35,1971-01-16
42,2,-119,36,1971-01-16
43,2,-118,35,1971-01-16
44,5,-27,-56,1971-01-16
45,3,-115,32,1971-01-17
46,5,125,1,1971-01-18
47,3,-119,35,1971-01-18
48,5,142,41,1971-01-18
49,5,125,1,1971-01-18
50,3,-116,33,1971-01-19
51,6,-108,23,1971-01-19
52,5,-79,8,1971-01-20
53,2,-115,32,1971-01-20
54,2,-116,34,1971-01-20
55,3,-116,32,1971-01-21
56,2,-117,35,1971-01-21
57,2,-117,35,1971-01-21
58,5,147,-6,1971-01-21
59,2,-118,33,1971-01-21
60,5,-69,-17,1971-01-21
61,5,122,-7,1971-01-21
62,2,-119,46,1971-01-22
63,3,-118,48,1971-01-22
64,3,-116,34,1971-01-22
65,3,-118,36,1971-01-23
66,3,-116,34,1971-01-23
67,3,-115,32,1971-01-23
68,2,-115,32,1971-01-24
69,2,-119,46,1971-01-24
70,6,151,-9,1971-01-25
71,6,-177,51,1971-01-25
72,3,-123,48,1971-01-25
73,3,-119,46,1971-01-26
74,5,-174,51,1971-01-26
75,3,-121,35,1971-01-26
76,5,126,1,1971-01-27
77,2,-123,47,1971-01-28
78,2,-117,34,1971-01-29
79,6,151,51,1971-01-29
80,2,-116,33,1971-01-31
81,3,-120,36,1971-01-31
82,6,-173,51,1971-02-01
83,3,-119,37,1971-02-01
84,2,-116,34,1971-02-02
85,2,-116,34,1971-02-02
86,2,-116,34,1971-02-02
87,5,-175,-21,1971-02-02
88,2,-117,35,1971-02-02
89,5,147,17,1971-02-03
90,2,-117,35,1971-02-03
91,7,98,0,1971-02-04
92,5,-131,51,1971-02-05
93,5,-115,-49,1971-02-06
94,5,126,2,1971-02-06
95,5,154,47,1971-02-06
96,7,-176,51,1971-02-07
97,5,-177,51,1971-02-07
98,5,-176,51,1971-02-07
99,3,-122,47,1971-02-07
100,3,-118,35,1971-02-08
101,2,-116,33,1971-02-08
102,3,-118,35,1971-02-08
103,7,-61,-63,1971-02-08
104,3,-115,33,1971-02-08
105,6,-118,34,1971-02-09
106,5,-118,34,1971-02-09
107,4,-118,34,1971-02-09
108,4,-118,34,1971-02-09
109,4,-118,34,1971-02-09
110,4,-118,34,1971-02-09
111,4,-118,34,1971-02-09
112,4,-118,34,1971-02-09
113,4,-118,34,1971-02-09
114,5,-118,34,1971-02-09
115,3,-118,34,1971-02-09
116,3,-118,34,1971-02-09
117,3,-118,34,1971-02-09
118,3,-118,34,1971-02-09
119,3,-118,34,1971-02-09
120,4,-118,34,1971-02-09
121,3,-118,34,1971-02-09
122,4,-118,34,1971-02-09
123,4,-118,34,1971-02-09
124,3,-118,34,1971-02-09
125,3,-118,34,1971-02-09
126,4,-118,34,1971-02-09
127,4,-118,34,1971-02-09
128,4,-118,34,1971-02-09
129,4,-118,34,1971-02-09
130,4,-118,34,1971-02-09
131,3,-118,34,1971-02-09
132,3,-118,34,1971-02-09
133,3,-118,34,1971-02-09
134,4,-118,34,1971-02-09
135,4,-118,34,1971-02-09
136,3,-118,34,1971-02-09
137,3,-118,34,1971-02-09
138,3,-118,34,1971-02-09
139,3,-118,34,1971-02-09
140,3,-118,34,1971-02-09
141,4,-118,34,1971-02-09
142,3,-118,34,1971-02-09
143,4,-118,34,1971-02-09
144,4,-118,34,1971-02-09
145,4,-118,34,1971-02-09
146,4,-118,34,1971-02-09
147,4,-118,34,1971-02-09
148,3,-118,34,1971-02-09
149,4,-118,34,1971-02-09
150,5,-118,34,1971-02-09
151,4,-118,34,1971-02-09
152,3,-118,34,1971-02-09
153,3,-118,34,1971-02-09
154,3,-118,34,1971-02-09
155,3,-118,34,1971-02-09
156,3,-118,34,1971-02-09
157,4,-118,34,1971-02-09
158,3,-118,34,1971-02-09
159,3,-118,34,1971-02-09
160,3,-118,34,1971-02-09
161,3,-118,34,1971-02-09
162,3,-118,34,1971-02-09
163,3,-118,34,1971-02-09
164,3,-118,34,1971-02-09
165,3,-118,34,1971-02-09
166,3,-118,34,1971-02-09
167,3,-118,34,1971-02-09
168,3,-118,34,1971-02-09
169,4,-118,34,1971-02-09
170,3,-118,34,1971-02-09
171,3,-118,34,1971-02-09
172,4,-118,34,1971-02-09
173,3,-118,34,1971-02-09
174,3,-118,34,1971-02-09
175,4,-118,34,1971-02-09
176,3,-118,34,1971-02-09
177,3,-118,34,1971-02-09
178,3,-118,34,1971-02-09
179,3,-118,34,1971-02-09
180,3,-118,34,1971-02-09
181,3,-118,34,1971-02-09
182,3,-118,34,1971-02-09
183,3,-118,34,1971-02-09
184,3,-118,34,1971-02-09
185,3,-118,34,1971-02-09
186,3,-118,34,1971-02-09
187,3,-118,34,1971-02-09
188,3,-118,34,1971-02-09
189,3,-118,34,1971-02-09
190,3,-118,34,1971-02-09
191,3,-118,34,1971-02-09
192,3,-118,34,1971-02-09
193,3,-118,34,1971-02-09
194,3,-118,34,1971-02-09
195,3,-118,34,1971-02-09
196,3,-118,34,1971-02-09
197,3,-118,34,1971-02-09
198,3,-118,34,1971-02-09
199,3,-118,34,1971-02-09
200,3,-118,34,1971-02-09
201,4,-118,34,1971-02-09
202,3,-118,34,1971-02-09
203,3,-118,34,1971-02-09
204,4,-118,34,1971-02-09
205,3,-118,34,1971-02-09
206,3,-118,34,1971-02-09
207,3,-118,34,1971-02-09
208,3,-118,34,1971-02-09
209,3,-118,34,1971-02-09
210,3,-118,34,1971-02-09
211,3,-118,34,1971-02-09
212,3,-118,34,1971-02-09
213,3,-118,34,1971-02-09
214,3,-118,34,1971-02-09
215,3,-118,34,1971-02-09
216,3,-118,34,1971-02-09
217,3,-118,34,1971-02-09
218,3,-118,34,1971-02-09
219,3,-118,34,1971-02-09
220,3,-118,34,1971-02-09
221,3,-118,34,1971-02-09
222,3,-118,34,1971-02-09
223,3,-118,34,1971-02-09
224,3,-118,34,1971-02-09
225,2,-118,34,1971-02-09
226,3,-118,34,1971-02-09
227,3,-118,34,1971-02-09
228,3,-118,34,1971-02-09
229,3,-118,34,1971-02-09
230,3,-118,34,1971-02-09
231,3,-118,34,1971-02-09
232,3,-118,34,1971-02-09
233,3,-118,34,1971-02-09
234,3,-118,34,1971-02-09
235,3,-118,34,1971-02-09
236,3,-118,34,1971-02-09
237,3,-118,34,1971-02-09
238,3,-118,34,1971-02-09
239,3,-118,34,1971-02-09
240,3,-118,34,1971-02-09
241,3,-118,34,1971-02-09
242,3,-118,34,1971-02-09
243,3,-118,34,1971-02-09
244,3,-118,34,1971-02-09
245,3,-118,34,1971-02-09
246,3,-118,34,1971-02-09
247,3,-118,34,1971-02-09
248,3,-118,34,1971-02-09
249,3,-118,34,1971-02-09
250,3,-118,34,1971-02-09
251,3,-118,34,1971-02-09
252,3,-118,34,1971-02-09
253,3,-118,34,1971-02-10
254,3,-118,34,1971-02-10
255,3,-118,34,1971-02-10
256,3,-118,34,1971-02-10
257,3,-118,34,1971-02-10
258,3,-118,34,1971-02-10
259,3,-118,34,1971-02-10
260,3,-118,34,1971-02-10
261,3,-118,34,1971-02-10
262,3,-118,34,1971-02-10
263,3,-118,34,1971-02-10
264,3,-118,34,1971-02-10
265,3,-118,34,1971-02-10
266,2,-118,34,1971-02-10
267,3,-118,34,1971-02-10
268,3,-118,34,1971-02-10
269,3,-118,34,1971-02-10
270,4,-118,34,1971-02-10
271,4,-118,34,1971-02-10
272,3,-118,34,1971-02-10
273,3,-118,34,1971-02-10
274,3,-118,34,1971-02-10
275,3,-118,34,1971-02-10
276,3,-118,34,1971-02-10
277,3,-118,34,1971-02-10
278,3,-118,34,1971-02-10
279,3,-118,34,1971-02-10
280,3,-118,34,1971-02-10
281,3,-118,34,1971-02-10
282,2,-118,34,1971-02-10
283,3,-118,34,1971-02-10
284,3,-118,34,1971-02-10
285,3,-118,34,1971-02-10
286,3,-118,34,1971-02-10
287,4,-118,34,1971-02-10
288,3,-118,34,1971-02-10
289,3,-118,34,1971-02-10
290,3,-118,34,1971-02-10
291,3,-118,34,1971-02-10
292,3,-118,34,1971-02-10
293,4,-118,34,1971-02-10
294,4,-118,34,1971-02-10
295,3,-118,34,1971-02-10
296,3,-118,34,1971-02-10
297,3,-118,34,1971-02-10
298,3,-118,34,1971-02-10
299,2,-117,33,1971-02-10
300,4,-118,34,1971-02-10
301,3,-118,34,1971-02-10
302,4,-118,34,1971-02-10
303,3,-118,34,1971-02-10
304,3,-118,34,1971-02-10
305,3,-118,34,1971-02-10
306,3,-118,34,1971-02-10
307,3,-118,34,1971-02-11
308,2,-118,34,1971-02-11
309,3,-118,34,1971-02-11
310,3,-118,34,1971-02-11
311,3,-118,34,1971-02-11
312,3,-118,34,1971-02-11
313,3,-118,34,1971-02-11
314,3,-118,34,1971-02-11
315,3,-118,34,1971-02-11
316,2,-118,34,1971-02-11
317,3,-118,34,1971-02-11
318,2,-118,34,1971-02-11
319,3,-118,34,1971-02-11
320,3,-118,34,1971-02-11
321,3,-118,34,1971-02-11
322,3,-118,34,1971-02-11
323,3,-118,34,1971-02-11
324,3,-118,34,1971-02-12
325,3,-118,34,1971-02-12
326,3,-118,34,1971-02-12
327,3,-118,34,1971-02-12
328,3,-118,34,1971-02-12
329,3,-118,34,1971-02-12
330,5,146,-6,1971-02-12
331,5,121,1,1971-02-12
332,3,-118,34,1971-02-13
333,3,-118,34,1971-02-13
334,5,146,-6,1971-02-13
335,3,-118,34,1971-02-13
336,3,-118,34,1971-02-14
337,3,-118,34,1971-02-14
338,2,-118,34,1971-02-14
339,3,-116,33,1971-02-14
340,3,-118,34,1971-02-14
341,5,55,36,1971-02-14
342,3,-118,34,1971-02-14
343,3,-118,34,1971-02-15
344,2,-118,34,1971-02-15
345,6,178,-25,1971-02-15
346,3,-118,34,1971-02-15
347,3,-118,34,1971-02-15
348,3,-118,34,1971-02-15
349,3,-118,34,1971-02-15
350,3,-118,34,1971-02-16
351,3,-118,34,1971-02-16
352,5,122,24,1971-02-16
353,3,-118,34,1971-02-16
354,2,-118,34,1971-02-16
355,3,-118,34,1971-02-16
356,2,-118,34,1971-02-17
357,3,-118,34,1971-02-17
358,3,-118,34,1971-02-17
359,3,-118,34,1971-02-18
360,3,-118,35,1971-02-18
361,3,-116,33,1971-02-18
362,5,-73,-36,1971-02-18
363,3,-118,34,1971-02-18
364,2,-118,37,1971-02-18
365,3,-118,34,1971-02-18
366,3,-118,34,1971-02-18
367,3,-118,34,1971-02-19
368,3,-118,34,1971-02-19
369,3,-118,34,1971-02-19
370,3,-118,34,1971-02-19
371,2,-120,46,1971-02-19
372,3,-118,34,1971-02-20
373,3,-118,38,1971-02-20
374,3,-118,34,1971-02-20
375,3,-118,34,1971-02-21
376,4,-118,34,1971-02-21
377,4,-118,34,1971-02-21
378,3,-118,34,1971-02-21
379,6,-67,-23,1971-02-21
380,3,-118,34,1971-02-21
381,3,-118,34,1971-02-21
382,2,-118,34,1971-02-22
383,3,-117,36,1971-02-22
384,3,-118,34,1971-02-22
385,4,-116,33,1971-02-23
386,3,-116,33,1971-02-23
387,3,-118,34,1971-02-23
388,5,27,39,1971-02-23
389,2,-118,34,1971-02-24
390,2,-118,34,1971-02-24
391,3,-118,34,1971-02-24
392,3,-118,34,1971-02-24
393,3,-118,34,1971-02-24
394,2,-118,34,1971-02-24
395,3,-118,34,1971-02-24
396,3,-116,34,1971-02-24
397,3,-118,34,1971-02-25
398,3,-118,34,1971-02-25
399,3,-118,34,1971-02-25
400,5,126,5,1971-02-25
401,3,-118,34,1971-02-25
402,2,-118,34,1971-02-25
403,5,138,37,1971-02-25
404,3,-118,34,1971-02-25
405,5,95,3,1971-02-25
406,3,-118,34,1971-02-26
407,3,-118,34,1971-02-26
408,3,-118,38,1971-02-26
409,6,161,-10,1971-02-26
410,3,-118,34,1971-02-26
411,2,-120,46,1971-02-26
412,3,-116,34,1971-02-27
413,2,-118,34,1971-02-27
414,2,-117,35,1971-02-28
415,2,-118,34,1971-02-28
416,2,-118,34,1971-02-28
417,2,-118,34,1971-02-28
418,2,-120,47,1971-03-01
419,3,-118,34,1971-03-01
420,3,-118,37,1971-03-01
421,3,-118,37,1971-03-01
422,2,-118,34,1971-03-01
423,2,-118,34,1971-03-02
424,3,-117,33,1971-03-02
425,3,-115,31,1971-03-02
426,2,-118,34,1971-03-02
427,2,-118,34,1971-03-03
428,4,-118,35,1971-03-03
429,3,-118,34,1971-03-03
430,3,-118,34,1971-03-03
431,2,-118,35,1971-03-03
432,5,153,48,1971-03-03
433,5,138,30,1971-03-04
434,2,-118,34,1971-03-04
435,3,-118,34,1971-03-05
436,2,-118,34,1971-03-05
437,2,-120,46,1971-03-05
438,3,-118,34,1971-03-06
439,4,-118,34,1971-03-07
440,3,-118,34,1971-03-07
441,3,-118,34,1971-03-07
442,2,-119,35,1971-03-07
443,3,-116,33,1971-03-07
444,2,-118,34,1971-03-07
445,3,-118,34,1971-03-07
446,4,-118,35,1971-03-08
447,2,-118,35,1971-03-09
448,3,-118,35,1971-03-09
449,2,-116,33,1971-03-09
450,2,-118,34,1971-03-09
451,2,-118,34,1971-03-09
452,2,-118,35,1971-03-10
453,3,-118,35,1971-03-10
454,2,-118,34,1971-03-11
455,2,-118,34,1971-03-12
456,3,-121,35,1971-03-12
457,3,-118,34,1971-03-13
458,6,173,-18,1971-03-13
459,6,145,-5,1971-03-13
460,6,-130,50,1971-03-13
461,5,143,41,1971-03-15
462,5,167,-15,1971-03-15
463,6,163,-10,1971-03-16
464,2,-118,34,1971-03-16
465,6,127,8,1971-03-16
466,5,139,-3,1971-03-17
467,3,-118,34,1971-03-17
468,2,-118,46,1971-03-17
469,2,-116,34,1971-03-17
470,2,-118,34,1971-03-18
471,2,-116,33,1971-03-18
472,3,-120,35,1971-03-18
473,5,-95,16,1971-03-19
474,3,-115,32,1971-03-19
475,5,126,2,1971-03-19
476,3,-115,32,1971-03-20
477,2,-118,34,1971-03-20
478,5,-13,-1,1971-03-20
479,2,-118,34,1971-03-20
480,2,-118,35,1971-03-22
481,5,142,37,1971-03-22
482,3,-116,32,1971-03-22
483,6,-176,-23,1971-03-23
484,6,-6,70,1971-03-23
485,6,79,41,1971-03-23
486,5,79,41,1971-03-23
487,5,151,-5,1971-03-24
488,6,98,35,1971-03-24
489,2,-116,34,1971-03-25
490,2,-118,35,1971-03-25
491,2,-118,34,1971-03-25
492,5,142,38,1971-03-25
493,4,-118,34,1971-03-25
494,2,-118,34,1971-03-25
495,3,-118,34,1971-03-25
496,3,-118,34,1971-03-25
497,2,-118,34,1971-03-26
498,2,-118,34,1971-03-26
499,2,-118,35,1971-03-26
500,5,-141,60,1971-03-26
501,2,-118,35,1971-03-26
502,3,-118,34,1971-03-26
503,2,-116,34,1971-03-27
504,5,-174,52,1971-03-27
505,6,95,11,1971-03-28
506,3,-118,34,1971-03-28
507,5,124,-9,1971-03-28
508,2,-118,34,1971-03-28
509,2,-118,34,1971-03-29
510,3,-118,34,1971-03-30
511,5,-177,51,1971-03-30
512,2,-122,47,1971-03-30
513,5,125,8,1971-03-31
514,5,125,8,1971-03-31
515,4,-118,34,1971-03-31
516,3,-118,34,1971-04-01
517,2,-118,34,1971-04-01
518,2,-118,34,1971-04-01
519,4,-118,34,1971-04-01
520,3,-118,34,1971-04-01
521,3,-118,34,1971-04-01
522,2,-118,34,1971-04-01
523,5,125,9,1971-04-02
524,3,-118,34,1971-04-02
525,2,-116,34,1971-04-02
526,3,-122,47,1971-04-03
527,5,95,32,1971-04-03
528,3,-116,34,1971-04-04
529,6,-122,-56,1971-04-04
530,3,-121,35,1971-04-04
531,6,142,38,1971-04-04
532,3,-120,36,1971-04-05
533,5,124,0,1971-04-05
534,6,-170,53,1971-04-05
535,5,145,42,1971-04-06
536,2,-118,34,1971-04-06
537,2,-118,34,1971-04-06
538,3,-118,34,1971-04-06
539,3,-118,34,1971-04-06
540,6,-179,-22,1971-04-06
541,5,179,-23,1971-04-06
542,6,129,2,1971-04-07
543,5,-69,-32,1971-04-07
544,2,-118,34,1971-04-07
545,2,-118,34,1971-04-08
546,7,102,-4,1971-04-08
547,2,-118,34,1971-04-08
548,5,139,44,1971-04-09
549,3,-116,32,1971-04-09
550,5,-178,-21,1971-04-10
551,2,-118,34,1971-04-10
552,2,-118,34,1971-04-10
553,2,-118,34,1971-04-11
554,2,-118,34,1971-04-11
555,6,55,28,1971-04-12
556,2,-118,34,1971-04-13
557,5,-173,-15,1971-04-13
558,5,-178,-17,1971-04-13
559,3,-116,34,1971-04-13
560,5,-112,27,1971-04-14
561,3,-115,31,1971-04-14
562,4,-118,34,1971-04-15
563,2,-118,34,1971-04-15
564,3,-118,34,1971-04-15
565,2,-117,34,1971-04-15
566,2,-118,34,1971-04-16
567,5,154,-6,1971-04-17
568,5,-91,0,1971-04-18
569,3,-118,34,1971-04-18
570,3,-120,36,1971-04-19
571,3,-116,33,1971-04-19
572,2,-116,34,1971-04-19
573,2,-118,34,1971-04-19
574,2,-121,47,1971-04-20
575,5,-68,-21,1971-04-20
576,5,126,4,1971-04-20
577,2,-121,47,1971-04-21
578,3,-118,34,1971-04-23
579,2,-117,35,1971-04-24
580,2,-115,33,1971-04-24
581,2,-115,33,1971-04-24
582,2,-118,34,1971-04-24
583,2,-118,34,1971-04-24
584,2,-115,33,1971-04-24
585,2,-115,32,1971-04-25
586,3,-118,34,1971-04-25
587,5,-175,-24,1971-04-26
588,2,-120,47,1971-04-26
589,2,-117,33,1971-04-26
590,3,-120,33,1971-04-27
591,2,-120,33,1971-04-27
592,2,-118,34,1971-04-27
593,2,-118,34,1971-04-27
594,2,-118,35,1971-04-27
595,6,101,22,1971-04-28
596,5,120,18,1971-04-29
597,3,-120,36,1971-04-29
598,3,-118,34,1971-04-29
599,2,-117,35,1971-04-29
600,6,122,12,1971-04-29
601,3,-116,34,1971-05-01
602,3,-118,34,1971-05-01
603,5,171,-22,1971-05-01
604,3,-118,34,1971-05-01
605,2,-118,34,1971-05-02
606,2,-116,34,1971-05-02
607,7,-177,51,1971-05-02
608,2,-118,34,1971-05-02
609,5,84,30,1971-05-03
610,6,161,-11,1971-05-03
611,6,105,-6,1971-05-04
612,2,-118,34,1971-05-04
613,2,-118,34,1971-05-05
614,4,-115,32,1971-05-05
615,3,-116,33,1971-05-06
616,3,-118,35,1971-05-06
617,6,119,-2,1971-05-07
618,3,-119,34,1971-05-07
619,2,-118,34,1971-05-07
620,2,-119,34,1971-05-07
621,2,-119,34,1971-05-07
622,6,-71,-42,1971-05-08
623,2,-118,34,1971-05-08
624,6,-104,-39,1971-05-09
625,5,-105,-39,1971-05-09
626,5,-105,-39,1971-05-09
627,2,-116,34,1971-05-09
628,5,71,35,1971-05-09
629,3,-116,34,1971-05-09
630,2,-116,33,1971-05-10
631,5,126,7,1971-05-10
632,2,-121,47,1971-05-10
633,3,-118,34,1971-05-10
634,5,121,22,1971-05-11
635,2,-115,32,1971-05-11
636,6,29,37,1971-05-12
637,5,29,37,1971-05-12
638,5,29,37,1971-05-12
639,2,-118,34,1971-05-13
640,5,142,27,1971-05-14
641,3,-116,33,1971-05-14
642,2,-118,34,1971-05-14
643,2,-118,34,1971-05-15
644,3,-119,34,1971-05-15
645,2,-116,32,1971-05-15
646,2,-118,34,1971-05-16
647,3,-116,32,1971-05-16
648,2,-118,34,1971-05-17
649,2,-118,34,1971-05-17
650,6,-77,-1,1971-05-17
651,5,178,-29,1971-05-18
652,6,-68,-28,1971-05-18
653,2,-118,34,1971-05-18
654,3,-118,34,1971-05-18
655,7,145,63,1971-05-18
656,2,-118,34,1971-05-19
657,2,-118,34,1971-05-19
658,5,129,2,1971-05-19
659,5,-173,52,1971-05-20
660,3,-116,32,1971-05-20
661,5,-173,52,1971-05-21
662,3,-115,32,1971-05-22
663,3,-118,47,1971-05-22
664,6,40,38,1971-05-22
665,5,92,32,1971-05-22
666,3,-116,33,1971-05-22
667,2,-117,36,1971-05-24
668,3,-117,36,1971-05-24
669,3,-118,34,1971-05-24
670,2,-116,34,1971-05-24
671,5,29,39,1971-05-25
672,4,-116,33,1971-05-25
673,6,131,31,1971-05-25
674,5,-179,-24,1971-05-26
675,5,58,35,1971-05-26
676,6,131,31,1971-05-26
677,3,-116,33,1971-05-26
678,3,-122,46,1971-05-28
679,5,-91,14,1971-05-28
680,3,-118,34,1971-05-29
681,6,131,31,1971-05-29
682,6,96,25,1971-05-30
683,5,1,72,1971-05-31
684,6,96,25,1971-05-31
685,3,-118,34,1971-06-01
686,3,-118,34,1971-06-02
687,2,-118,34,1971-06-02
688,3,-118,34,1971-06-03
689,2,-118,34,1971-06-03
690,2,-118,34,1971-06-03
691,2,-118,34,1971-06-04
692,5,92,9,1971-06-05
693,5,126,6,1971-06-05
694,3,-115,32,1971-06-05
695,5,-84,9,1971-06-05
696,3,-116,34,1971-06-06
697,2,-118,34,1971-06-08
698,3,-118,34,1971-06-08
699,2,-116,33,1971-06-09
700,2,-117,34,1971-06-09
701,5,-76,-10,1971-06-10
702,5,-170,52,1971-06-10
703,6,138,41,1971-06-10
704,5,-80,-4,1971-06-11
705,6,-69,17,1971-06-11
706,6,175,51,1971-06-11
707,2,-122,46,1971-06-12
708,5,140,36,1971-06-13
709,3,-118,35,1971-06-13
710,6,123,56,1971-06-14
711,5,79,41,1971-06-15
712,3,-119,35,1971-06-15
713,6,79,41,1971-06-15
714,2,-117,35,1971-06-15
715,2,-116,34,1971-06-16
716,3,-116,37,1971-06-16
717,6,-68,-25,1971-06-17
718,2,-117,34,1971-06-17
719,2,-118,34,1971-06-18
720,3,-115,32,1971-06-18
721,2,-116,34,1971-06-18
722,3,-121,36,1971-06-19
723,3,-120,36,1971-06-20
724,3,-118,34,1971-06-21
725,2,-118,34,1971-06-21
726,3,-115,33,1971-06-21
727,2,-117,33,1971-06-21
728,3,-118,34,1971-06-22
729,2,-118,34,1971-06-22
730,3,-115,32,1971-06-22
731,2,-118,34,1971-06-22
732,4,-117,33,1971-06-22
733,2,-118,34,1971-06-22
734,2,-117,34,1971-06-23
735,4,-116,37,1971-06-23
736,3,-122,47,1971-06-24
737,2,-118,34,1971-06-24
738,5,123,23,1971-06-24
739,2,-118,34,1971-06-24
740,4,-116,37,1971-06-24
741,2,-118,33,1971-06-25
742,3,-122,47,1971-06-25
743,2,-118,34,1971-06-26
744,3,-116,35,1971-06-26
745,6,96,-5,1971-06-26
746,2,-118,34,1971-06-26
747,3,-122,47,1971-06-26
748,5,178,-25,1971-06-27
749,3,-115,32,1971-06-29
750,5,-68,-24,1971-06-29
751,4,-116,37,1971-06-29
752,3,-118,34,1971-06-30
753,5,130,-6,1971-07-01
754,3,-116,31,1971-07-01
755,2,-116,34,1971-07-01
756,6,123,12,1971-07-02
757,3,-117,34,1971-07-02
758,2,-118,35,1971-07-02
759,5,111,-8,1971-07-03
760,5,-179,-23,1971-07-03
761,5,-68,-24,1971-07-03
762,2,-118,33,1971-07-04
763,5,121,15,1971-07-04
764,2,-116,33,1971-07-05
765,2,-118,34,1971-07-06
766,4,-116,37,1971-07-06
767,2,-118,34,1971-07-06
768,2,-118,34,1971-07-07
769,5,-116,37,1971-07-08
770,6,129,-7,1971-07-08
771,7,-71,-32,1971-07-09
772,3,-117,33,1971-07-09
773,5,154,-5,1971-07-09
774,3,-116,37,1971-07-09
775,2,-118,34,1971-07-10
776,5,154,-6,1971-07-10
777,4,-115,38,1971-07-10
778,6,-71,-32,1971-07-11
779,5,173,51,1971-07-12
780,2,-116,33,1971-07-13
781,2,-116,33,1971-07-13
782,3,-120,33,1971-07-13
783,3,-117,45,1971-07-13
784,8,153,-5,1971-07-14
785,5,153,-5,1971-07-14
786,6,153,-5,1971-07-14
787,5,154,-5,1971-07-14
788,2,-118,34,1971-07-14
789,6,153,-5,1971-07-14
790,5,153,-5,1971-07-14
791,6,153,-5,1971-07-14
792,5,129,2,1971-07-14
793,2,-117,34,1971-07-15
794,3,-117,34,1971-07-15
795,3,-115,32,1971-07-15
796,3,-115,32,1971-07-15
797,5,178,-25,1971-07-15
798,2,-118,33,1971-07-16
799,6,94,7,1971-07-17
800,2,-116,33,1971-07-17
801,5,93,26,1971-07-17
802,5,-68,-21,1971-07-17
803,2,-116,34,1971-07-17
804,6,153,-4,1971-07-18
805,7,153,-5,1971-07-19
806,2,-119,35,1971-07-19
807,2,-118,34,1971-07-19
808,5,144,-4,1971-07-19
809,6,150,-5,1971-07-19
810,5,122,24,1971-07-19
811,2,-122,47,1971-07-19
812,2,-116,33,1971-07-20
813,5,120,15,1971-07-20
814,3,-119,33,1971-07-20
815,5,177,-19,1971-07-20
816,5,153,-5,1971-07-20
817,3,-120,36,1971-07-21
818,5,154,-5,1971-07-21
819,3,-116,37,1971-07-21
820,2,-118,34,1971-07-22
821,3,-118,34,1971-07-22
822,2,-117,35,1971-07-22
823,2,-117,33,1971-07-22
824,5,138,35,1971-07-22
825,2,-118,34,1971-07-23
826,2,-118,34,1971-07-24
827,3,-118,38,1971-07-24
828,3,-118,35,1971-07-24
829,2,-117,35,1971-07-24
830,2,-118,35,1971-07-24
831,6,123,12,1971-07-25
832,3,-117,34,1971-07-25
833,2,-117,34,1971-07-25
834,5,129,-6,1971-07-25
835,6,172,52,1971-07-25
836,3,-117,33,1971-07-25
837,2,-117,33,1971-07-25
838,8,153,-4,1971-07-26
839,6,77,39,1971-07-26
840,6,152,-5,1971-07-26
841,7,152,-5,1971-07-26
842,2,-116,34,1971-07-26
843,6,152,-5,1971-07-26
844,6,152,-5,1971-07-26
845,5,151,-5,1971-07-26
846,5,151,-6,1971-07-26
847,5,151,-5,1971-07-26
848,6,151,-5,1971-07-26
849,2,-117,33,1971-07-26
850,5,151,-5,1971-07-26
851,5,153,-5,1971-07-26
852,6,151,-5,1971-07-26
853,3,-119,35,1971-07-26
854,5,152,-5,1971-07-27
855,7,-77,-2,1971-07-27
856,5,151,-5,1971-07-27
857,5,95,13,1971-07-27
858,2,-117,34,1971-07-27
859,5,151,-5,1971-07-27
860,6,152,-5,1971-07-27
861,5,151,-6,1971-07-27
862,6,152,-5,1971-07-28
863,5,152,-5,1971-07-28
864,3,-116,35,1971-07-29
865,5,173,51,1971-07-29
866,5,127,1,1971-07-30
867,5,152,-4,1971-07-30
868,5,151,-6,1971-07-30
869,5,-71,-32,1971-07-31
870,3,-119,36,1971-08-01
871,3,-119,36,1971-08-01
872,3,-119,36,1971-08-01
873,3,-119,36,1971-08-01
874,5,152,-5,1971-08-02
875,3,-119,36,1971-08-02
876,7,143,41,1971-08-02
877,5,126,1,1971-08-02
878,5,143,41,1971-08-02
879,2,-117,34,1971-08-03
880,5,70,36,1971-08-04
881,2,-117,34,1971-08-04
882,2,-118,34,1971-08-04
883,4,-115,36,1971-08-04
884,6,-22,0,1971-08-05
885,3,-115,36,1971-08-05
886,3,-115,36,1971-08-05
887,2,-118,34,1971-08-06
888,3,-118,34,1971-08-07
889,5,167,-13,1971-08-07
890,2,-118,34,1971-08-07
891,3,-115,32,1971-08-07
892,3,-115,32,1971-08-07
893,5,52,36,1971-08-09
894,3,-115,31,1971-08-09
895,6,154,-5,1971-08-09
896,6,152,-5,1971-08-09
897,5,152,-5,1971-08-10
898,2,-116,33,1971-08-10
899,3,-116,34,1971-08-10
900,6,153,-5,1971-08-10
901,3,-122,47,1971-08-10
902,5,126,1,1971-08-11
903,6,155,-62,1971-08-11
904,5,95,12,1971-08-12
905,5,-106,19,1971-08-12
906,6,154,-6,1971-08-13
907,5,167,-14,1971-08-14
908,6,-178,-15,1971-08-14
909,6,-178,-15,1971-08-14
910,5,-67,-21,1971-08-14
911,5,103,28,1971-08-16
912,5,103,28,1971-08-16
913,2,-118,34,1971-08-16
914,5,103,28,1971-08-16
915,3,-119,35,1971-08-17
916,3,-117,33,1971-08-17
917,5,-173,-15,1971-08-17
918,4,-116,37,1971-08-18
919,3,-118,34,1971-08-18
920,3,-120,47,1971-08-18
921,2,-118,34,1971-08-19
922,6,121,23,1971-08-19
923,6,155,49,1971-08-19
924,2,-115,33,1971-08-20
925,2,-115,33,1971-08-20
926,3,-121,34,1971-08-20
927,3,-118,34,1971-08-20
928,6,-92,13,1971-08-20
929,5,-70,-21,1971-08-21
930,2,-118,34,1971-08-22
931,6,145,-3,1971-08-23
932,6,150,45,1971-08-23
933,2,-118,35,1971-08-24
934,2,-118,33,1971-08-24
935,2,-123,47,1971-08-24
936,5,91,52,1971-08-24
937,3,-118,34,1971-08-24
938,2,-121,46,1971-08-25
939,3,-116,32,1971-08-25
940,5,-26,-55,1971-08-26
941,2,-123,47,1971-08-27
942,5,-174,-19,1971-08-28
943,2,-116,33,1971-08-28
944,5,130,28,1971-08-28
945,5,127,6,1971-08-29
946,2,-118,34,1971-08-29
947,2,-118,34,1971-08-30
948,2,-122,47,1971-08-30
949,2,-118,34,1971-09-01
950,5,166,-10,1971-09-02
951,5,-175,-24,1971-09-02
952,5,-163,54,1971-09-04
953,2,-123,48,1971-09-05
954,7,141,46,1971-09-05
955,5,141,46,1971-09-05
956,5,141,46,1971-09-06
957,6,141,46,1971-09-06
958,3,-116,34,1971-09-06
959,3,-118,34,1971-09-06
960,5,141,46,1971-09-08
961,5,141,37,1971-09-08
962,6,141,46,1971-09-08
963,2,-121,47,1971-09-08
964,6,141,46,1971-09-08
965,2,-118,35,1971-09-08
966,2,-118,35,1971-09-08
967,2,-118,35,1971-09-08
968,5,130,-6,1971-09-08
969,3,-122,47,1971-09-09
970,3,-118,34,1971-09-09
971,6,150,44,1971-09-09
972,6,-174,-20,1971-09-10
973,3,-116,33,1971-09-11
974,6,-177,-26,1971-09-12
975,2,-117,32,1971-09-12
976,2,-119,34,1971-09-13
977,2,-119,34,1971-09-13
978,5,-69,17,1971-09-13
979,6,156,-7,1971-09-14
980,5,100,22,1971-09-14
981,6,151,-6,1971-09-14
982,2,-122,46,1971-09-14
983,3,-117,34,1971-09-15
984,3,-118,35,1971-09-15
985,3,-118,35,1971-09-15
986,6,143,39,1971-09-15
987,7,130,-5,1971-09-16
988,3,-118,34,1971-09-17
989,3,-118,38,1971-09-18
990,5,138,37,1971-09-21
991,2,-119,46,1971-09-21
992,3,-118,35,1971-09-22
993,3,-116,37,1971-09-22
994,5,-93,14,1971-09-22
995,2,-120,46,1971-09-22
996,5,-164,53,1971-09-23
997,3,-116,32,1971-09-23
998,3,-116,33,1971-09-24
999,6,143,39,1971-09-24
1000,5,-73,-16,1971-09-24
1001,3,-123,48,1971-09-24
1002,6,146,-6,1971-09-25
1003,5,-73,-32,1971-09-25
1004,2,-118,34,1971-09-25
1005,5,-27,-56,1971-09-26
1006,5,125,3,1971-09-26
1007,5,124,0,1971-09-26
1008,5,145,-5,1971-09-27
1009,6,141,46,1971-09-27
1010,3,-119,34,1971-09-27
1011,6,148,-3,1971-09-27
1012,2,-116,34,1971-09-28
1013,3,-117,33,1971-09-28
1014,5,157,-8,1971-09-28
1015,5,-70,-32,1971-09-28
1016,4,-116,37,1971-09-29
1017,3,-118,32,1971-09-29
1018,6,-110,26,1971-09-30
1019,3,-118,32,1971-09-30
1020,5,-4,0,1971-09-30
1021,6,140,61,1971-09-30
1022,5,-115,32,1971-09-30
1023,3,-115,32,1971-09-30
1024,3,-115,32,1971-09-30
1025,2,-115,33,1971-09-30
1026,2,-115,33,1971-09-30
1027,2,-118,34,1971-09-30
1028,3,-115,32,1971-09-30
1029,3,-115,32,1971-09-30
1030,3,-115,32,1971-09-30
1031,3,-115,32,1971-10-01
1032,6,152,-4,1971-10-01
1033,2,-115,32,1971-10-01
1034,3,-116,32,1971-10-01
1035,3,-118,32,1971-10-01
1036,3,-118,32,1971-10-01
1037,3,-120,36,1971-10-02
1038,3,-118,35,1971-10-02
1039,3,-117,34,1971-10-03
1040,3,-116,35,1971-10-03
1041,6,154,-6,1971-10-03
1042,6,171,-14,1971-10-03
1043,6,154,-5,1971-10-04
1044,3,-115,32,1971-10-04
1045,3,-115,32,1971-10-04
1046,3,-118,32,1971-10-04
1047,3,-122,48,1971-10-04
1048,3,-116,32,1971-10-05
1049,3,-115,32,1971-10-06
1050,3,-115,33,1971-10-06
1051,3,-120,36,1971-10-06
1052,2,-115,33,1971-10-07
1053,2,-115,33,1971-10-07
1054,3,-115,33,1971-10-07
1055,2,-117,34,1971-10-08
1056,5,144,-6,1971-10-08
1057,4,-116,37,1971-10-08
1058,5,-178,-18,1971-10-08
1059,5,143,43,1971-10-09
1060,3,-116,32,1971-10-09
1061,5,121,24,1971-10-09
1062,3,-117,33,1971-10-10
1063,2,-118,34,1971-10-11
1064,2,-118,34,1971-10-11
1065,5,-91,15,1971-10-12
1066,2,-118,34,1971-10-12
1067,5,-179,51,1971-10-13
1068,2,-118,35,1971-10-13
1069,3,-118,34,1971-10-13
1070,2,-118,47,1971-10-13
1071,5,-68,-21,1971-10-13
1072,4,-115,37,1971-10-14
1073,6,2,-54,1971-10-14
1074,3,-115,31,1971-10-15
1075,5,-73,-14,1971-10-15
1076,6,154,-5,1971-10-16
1077,5,127,-3,1971-10-16
1078,6,171,-22,1971-10-18
1079,3,-116,33,1971-10-18
1080,2,-118,34,1971-10-19
1081,5,-166,52,1971-10-19
1082,2,-118,34,1971-10-19
1083,3,-121,46,1971-10-20
1084,5,121,21,1971-10-20
1085,5,125,24,1971-10-21
1086,2,-122,47,1971-10-21
1087,3,-121,36,1971-10-21
1088,2,-116,33,1971-10-21
1089,2,-118,33,1971-10-21
1090,3,-116,34,1971-10-22
1091,3,-118,35,1971-10-22
1092,2,-118,34,1971-10-22
1093,6,146,-54,1971-10-23
1094,2,-118,34,1971-10-23
1095,6,142,11,1971-10-23
1096,5,-25,-57,1971-10-23
1097,6,142,11,1971-10-24
1098,6,142,11,1971-10-24
1099,2,-118,35,1971-10-24
1100,6,166,-13,1971-10-25
1101,2,-118,34,1971-10-25
1102,3,-119,46,1971-10-25
1103,5,142,11,1971-10-26
1104,2,-118,34,1971-10-27
1105,3,-116,33,1971-10-27
1106,5,120,17,1971-10-27
1107,6,167,-15,1971-10-27
1108,2,-118,34,1971-10-28
1109,2,-118,34,1971-10-28
1110,5,166,-13,1971-10-28
1111,6,153,-5,1971-10-28
1112,6,166,-13,1971-10-28
1113,3,-116,33,1971-10-28
1114,3,-119,34,1971-10-29
1115,3,-122,47,1971-10-29
1116,5,154,49,1971-10-29
1117,5,137,32,1971-10-30
1118,6,121,23,1971-10-30
1119,3,-118,35,1971-10-31
1120,2,-115,32,1971-11-01
1121,2,-118,33,1971-11-02
1122,2,-118,34,1971-11-04
1123,3,-118,34,1971-11-04
1124,5,92,10,1971-11-05
1125,5,100,-2,1971-11-05
1126,3,-115,32,1971-11-07
1127,2,-115,32,1971-11-07
1128,3,-115,32,1971-11-07
1129,3,-119,35,1971-11-07
1130,5,-105,-4,1971-11-07
1131,3,-115,32,1971-11-07
1132,6,54,26,1971-11-08
1133,2,-115,32,1971-11-08
1134,3,-115,32,1971-11-08
1135,5,126,5,1971-11-08
1136,2,-115,32,1971-11-09
1137,2,-117,36,1971-11-09
1138,5,136,-2,1971-11-11
1139,3,-121,48,1971-11-11
1140,2,-118,34,1971-11-13
1141,2,-118,35,1971-11-14
1142,2,-116,34,1971-11-15
1143,3,-119,35,1971-11-15
1144,2,-122,47,1971-11-16
1145,3,-115,31,1971-11-16
1146,2,-118,34,1971-11-16
1147,3,-118,34,1971-11-17
1148,3,-120,36,1971-11-18
1149,5,66,38,1971-11-18
1150,2,-118,34,1971-11-18
1151,6,-179,-23,1971-11-20
1152,3,-117,34,1971-11-20
1153,5,-129,48,1971-11-20
1154,7,166,-11,1971-11-21
1155,6,166,-11,1971-11-21
1156,6,174,52,1971-11-22
1157,3,-117,34,1971-11-22
1158,3,-117,34,1971-11-22
1159,2,-118,34,1971-11-22
1160,6,123,0,1971-11-22
1161,4,-121,48,1971-11-23
1162,5,152,46,1971-11-24
1163,3,-118,34,1971-11-24
1164,3,-118,35,1971-11-24
1165,7,159,52,1971-11-24
1166,4,-115,36,1971-11-24
1167,2,-115,32,1971-11-25
1168,2,-115,32,1971-11-25
1169,2,-118,33,1971-11-26
1170,5,130,29,1971-11-27
1171,2,-118,34,1971-11-28
1172,5,-69,-29,1971-11-28
1173,2,-115,32,1971-11-28
1174,3,-123,47,1971-11-28
1175,2,-124,47,1971-11-28
1176,5,-77,-11,1971-11-29
1177,4,-115,31,1971-11-30
1178,4,-116,37,1971-11-30
1179,6,153,44,1971-12-02
1180,3,-118,34,1971-12-03
1181,6,154,-6,1971-12-04
1182,5,126,7,1971-12-04
1183,6,-129,49,1971-12-05
1184,2,-116,31,1971-12-06
1185,6,5,-54,1971-12-07
1186,5,127,3,1971-12-07
1187,3,-118,35,1971-12-07
1188,5,-54,55,1971-12-07
1189,2,-121,47,1971-12-07
1190,3,-118,38,1971-12-07
1191,5,-128,49,1971-12-08
1192,6,-70,-22,1971-12-08
1193,5,56,27,1971-12-09
1194,6,173,-21,1971-12-09
1195,3,-118,35,1971-12-09
1196,2,-118,33,1971-12-11
1197,5,127,1,1971-12-11
1198,2,-118,34,1971-12-11
1199,6,154,-6,1971-12-11
1200,3,-118,34,1971-12-13
1201,3,-123,47,1971-12-13
1202,2,-122,47,1971-12-14
1203,4,-116,37,1971-12-14
1204,7,163,55,1971-12-15
1205,5,163,55,1971-12-15
1206,5,163,55,1971-12-16
1207,6,163,55,1971-12-17
1208,5,163,55,1971-12-18
1209,5,162,56,1971-12-19
1210,2,-118,34,1971-12-21
1211,2,-122,47,1971-12-21
1212,3,-122,47,1971-12-22
1213,3,-119,33,1971-12-23
1214,2,-117,34,1971-12-24
1215,3,-118,34,1971-12-24
1216,3,-117,34,1971-12-24
1217,3,-115,32,1971-12-24
1218,2,-118,34,1971-12-26
1219,3,-121,34,1971-12-26
1220,5,-174,50,1971-12-26
1221,5,154,-6,1971-12-26
1222,3,-118,36,1971-12-26
1223,5,-175,-19,1971-12-27
1224,4,-122,47,1971-12-28
1225,5,94,25,1971-12-29
1226,3,-122,47,1971-12-30
1227,6,151,-4,1971-12-30
1228,3,-115,32,1971-12-30
1229,2,-122,47,1971-12-31
1230,3,-116,33,1971-12-31
1231,5,123,6,1971-12-31
